Stars,Twinkling giants in the night.
Moon,Earth’s silent companion.
Sun,A fiery cosmic engine.
Galaxy,A swirling stellar city.
Black Hole,Gravity’s ultimate trap.
Comet,A frozen space traveler.
Asteroid,A rocky wanderer.
Planet,Worlds of mystery.
Nebula,Cosmic clouds of birth.
Supernova,A star’s grand finale.
Astronaut,Brave space explorers.
Rocket,Fire-breathing space arrows.
Satellite,Man-made orbiters.
Spacewalk,Floating in the void.
Mars,The rusty neighbor.
Jupiter,A stormy giant.
Saturn,The ringed beauty.
Mercury,A scorched little world.
Venus,A toxic twin.
Neptune,The windy blue orb.
Uranus,The tilted ice giant.
Pluto,The distant underdog.
Milky Way,Our galactic home.
Andromeda,A coming collision.
Light-year,Distance’s cosmic ruler.
Gravity,The unseen force.
Orbit,Celestial dance paths.
Eclipse,Shadows in space.
Meteor,A fleeting fire streak.
Meteorite,Space rocks on Earth.
Cosmos,The endless everything.
Universe,All that exists.
Exoplanet,Distant alien worlds.
Telescope,Windows to the stars.
Spacecraft,Humanity’s metal envoys.
ISS,A home above Earth.
Aliens,Are we alone?
Life,A cosmic rarity?
Dark Matter,The invisible glue.
Dark Energy,The universe’s push.
Quasar,Glowing galactic hearts.
Pulsar,Spinning star lighthouses.
White Dwarf,A star’s ember.
Red Giant,A swollen sun.
Solar Wind,The Sun’s breath.
Magnetar,A magnetic monster.
Cosmic Rays,High-energy visitors.
Oort Cloud,The solar fringe.
Kuiper Belt,Pluto’s playground.
Aurora,Earth’s light show.
Zero-G,The freedom of float.
Space Dust,Tiny cosmic fragments.
Wormhole,A shortcut through space.
Time Dilation,Relativity’s trick.
Big Bang,The first moment.
Singularity,Infinite density point.
Hubble,Eyes on the cosmos.
Voyager,Messages to the stars.
Colony,Future Martian cities.
Spacesuit,A personal spacecraft.
Lagrange Point,Gravity’s balance spots.
Dwarf Planet,Small cosmic bodies.
Interstellar,Between the stars.
Event Horizon,The point of no return.
Gamma Ray,The universe’s fury.
Space Junk,Orbital debris danger.
Lunar,Of the Moon.
Solar,Of the Sun.
Martian,Of Mars.
Extraterrestrial,Beyond Earth.
Astrobiology,Life in the cosmos.
Astronomy,Studying the heavens.
Astrophysics,Space’s deep laws.
Constellation,Starry sky pictures.
Celestial,Heavenly bodies.
Space-Time,The fabric of reality.
Multiverse,Endless universes.
Parallax,Stars’ shifting views.
Redshift,The universe expanding.
Space Tourism,Vacation beyond Earth.
Moonbase,A lunar outpost.
SpaceX,Rockets of the future.
NASA,Earth’s space pioneers.
ESA,Europe’s space reach.
Roscosmos,Russia’s cosmic legacy.
Space Race,Cold War rivalry.
Apollo,Humanity’s Moon leap.
Sputnik,The first satellite.
Space Shuttle,Reusable spacecraft.
Probe,Robotic space scouts.
Rover,Wheels on other worlds.
Lander,Touching alien soil.
Flyby,A fleeting visit.
Gagarin,The first human in space.
Armstrong,The Moon’s first step.
Terrestrial,Earth-like planets.
Gas Giant,Massive gaseous worlds.
Ice Giant,"Cold, distant planets."
Space Station,A home in orbit.
Infinity,The cosmos’ true size.
Crater,Scars from cosmic collisions.
Radiation,Invisible danger in space.
Microgravity,Weightless wonder.
Heliosphere,The Sun’s protective bubble.
Cosmic Web,The universe’s vast structure.
Hypernova,A star’s violent death.
Space Elevator,A futuristic climb to orbit.
Cryovolcano,Ice-spewing mountains.
Magnetosphere,Earth’s magnetic shield.
Space Farm,Growing food among the stars.
Neutron Star,A teaspoon weighs billions of tons.
Space Weather,Solar storms affecting Earth.
Exomoon,A moon orbiting a distant world.
Cosmic Inflation,The universe’s rapid expansion.
Space Mirror,Reflecting sunlight in orbit.
Fermi Paradox,Where are all the aliens?
Goldilocks Zone,Perfect distance for life.
Space Art,Humanity’s creativity beyond Earth.
Space Law,Who owns the cosmos?
Space Music,The sounds of the universe.
Space Debris,A growing orbital hazard.
Space Medicine,Healing in zero gravity.
Space Archaeology,Studying human relics in orbit.
Space Fashion,Stylish suits for the void.
Space Photography,Capturing the beauty beyond.
Space Mining,Extracting resources from asteroids.
Space Diplomacy,International cooperation above Earth.
Space Psychology,The mind in isolation.
Space Religion,Beliefs among the stars.
Space Sports,Games in microgravity.
Space Cuisine,Eating beyond Earth.
Space Literature,Stories of the final frontier.
Space Theater,Performances in orbit.
Space Dance,Moving without gravity.
Space Pets,Animals accompanying astronauts.
Space Gardens,Blooming life in spacecraft.
Space Holidays,Celebrating beyond Earth.
Time Travel,A cosmic possibility?
Space Pollution,Human impact beyond Earth.
Space Silence,The eerie quiet of the void.
Space Dreams,Aspirations of the cosmos.
Space Fear,The terror of the infinite.
Space Hope,Humanity’s future among stars.
Space Loneliness,Isolation in the vastness.
Space Wonder,Awe of the unknown.
Space Exploration,Journey into the abyss.
Space Mystery,Unsolved cosmic puzzles.
Space Adventure,Bold quests beyond Earth.
Space Survival,Thriving in hostile environments.
Space Discovery,Unveiling cosmic secrets.
Space Innovation,Technology for the stars.
Space Legacy,What we leave beyond Earth.
Space Destiny,Humanity’s fate among stars.
Space Utopia,A perfect world beyond.
Space Dystopia,Dark futures in the void.
Space War,Conflict beyond Earth.
Space Peace,Harmony among the stars.
Space Freedom,Limitless possibilities.
Space Prison,Trapped in orbit.
Space Escape,Breaking free from gravity.
Space Rescue,Saving lives in the void.
Space Hero,Legends of cosmic bravery.
Space Villain,Dark forces among stars.
Space Love,Romance beyond Earth.
Space Family,Generations among stars.
Space Friendship,Bonds forged in the void.
Space Rivalry,Competition beyond Earth.
Space Betrayal,Deceit in zero gravity.
Space Secret,Hidden truths of the cosmos.
Space Conspiracy,Mysteries beyond Earth.
Space Signal,Messages from the unknown.
Space Code,Encrypted cosmic transmissions.
Space Language,Communicating with aliens.
Space Symbol,Meaning in celestial patterns.
Space Ritual,Traditions among the stars.
Space Myth,Legends of the cosmos.
Space Prophecy,Foretelling the cosmic future.
Space Omen,Signs from the universe.
Space Fate,Destiny written in stars.
Space Magic,The unexplained wonders.
Space Illusion,Tricks of light and gravity.
Space Mirage,Deceptive cosmic visions.
Space Phantom,Ghostly phenomena in the void.
Space Shadow,Darkness hiding cosmic truths.
Space Echo,Repeating signals from the abyss.
Space Whisper,Faint cosmic messages.
Space Scream,Violent bursts of energy.
Space Lullaby,The quiet hum of the universe.
Space Symphony,The music of celestial bodies.
Space Rhythm,The pulse of the cosmos.
Space Melody,Harmonious cosmic vibrations.
Space Silence,The endless quiet between stars.
Space Chaos,The unpredictable nature of the universe.
Space Order,The laws governing everything.
Space Balance,The equilibrium of forces.
Space Harmony,The unity of celestial motion.
Space Serenity,The calm of deep space.
Space Storm,Violent eruptions in the void.
Space Dawn,The birth of a new cosmic era.
Space Dusk,The fading of celestial light.